value_2025,value_2021,count,fuel_2021,fuel_2025,area_ha
5,5,689980,PCH5,PCH5,62098.2
7,7,314267,MT02,MT02,28284.03
33,33,310922,SV02,SV02,27982.98
16,16,246219,BN03,BN03,22159.71
19,19,209320,PL01,PL01,18838.8
34,34,159871,SV03,SV03,14388.39
33,5,126356,PCH5,SV02,11372.04
7,19,124786,PL01,MT02,11230.74
16,19,121701,PL01,BN03,10953.09
19,7,120854,MT02,PL01,10876.86
16,6,98896,MT01,BN03,8900.64
16,7,85779,MT02,BN03,7720.11
2,5,74644,PCH5,PCH2,6717.96
17,7,60935,MT02,BN04,5484.15
17,19,57232,PL01,BN04,5150.88
5,33,56897,SV02,PCH5,5120.73
5,2,44877,PCH2,PCH5,4038.93
11,5,43504,PCH5,MT06,3915.36
2,2,40505,PCH2,PCH2,3645.45
1,7,37797,MT02,PCH1,3401.73
11,7,35925,MT02,MT06,3233.25
16,12,34555,MT07,BN03,3109.95
11,19,33602,PL01,MT06,3024.18
19,6,32716,MT01,PL01,2944.44
17,16,29965,BN03,BN04,2696.85
16,29,29602,PL11,BN03,2664.18
5,19,27669,PL01,PCH5,2490.21
7,5,27603,PCH5,MT02,2484.27
1,19,27198,PL01,PCH1,2447.82
19,5,26869,PCH5,PL01,2418.21
19,16,25769,BN03,PL01,2319.21
16,24,24466,PL06,BN03,2201.94
2,19,23984,PL01,PCH2,2158.56
32,32,23812,SV01,SV01,2143.08
7,2,22958,PCH2,MT02,2066.22
3,5,21243,PCH5,PCH3,1911.87
33,19,21057,PL01,SV02,1895.13
7,30,20761,DX01,MT02,1868.49
19,30,20613,DX01,PL01,1855.17
17,17,20274,BN04,BN04,1824.66
11,2,20246,PCH2,MT06,1822.14
32,5,20194,PCH5,SV01,1817.46
5,3,19452,PCH3,PCH5,1750.68
7,6,18409,MT01,MT02,1656.81
24,7,17918,MT02,PL06,1612.62
6,6,16484,MT01,MT01,1483.56
16,23,15717,PL05,BN03,1414.53
24,6,15069,MT01,PL06,1356.21
24,19,14903,PL01,PL06,1341.27
17,6,14047,MT01,BN04,1264.23
19,23,13817,PL05,PL01,1243.53
2,7,13376,MT02,PCH2,1203.84
16,17,13073,BN04,BN03,1176.57
7,33,12700,SV02,MT02,1143
2,33,12665,SV02,PCH2,1139.85
16,34,12615,SV03,BN03,1135.35
24,24,12611,PL06,PL06,1134.99
34,19,12482,PL01,SV03,1123.38
33,2,12366,PCH2,SV02,1112.94
29,29,12094,PL11,PL11,1088.46
11,33,11816,SV02,MT06,1063.44
33,7,9523,MT02,SV02,857.07
29,19,9354,PL01,PL11,841.86
16,30,9341,DX01,BN03,840.69
19,33,9138,SV02,PL01,822.42
19,2,9095,PCH2,PL01,818.55
24,16,9041,BN03,PL06,813.69
17,29,9025,PL11,BN04,812.25
16,27,8941,PL09,BN03,804.69
22,7,8728,MT02,PL04,785.52
2,3,8570,PCH3,PCH2,771.3
19,29,8400,PL11,PL01,756
34,7,8328,MT02,SV03,749.52
34,16,8195,BN03,SV03,737.55
7,3,8082,PCH3,MT02,727.38
5,7,8020,MT02,PCH5,721.8
16,26,7978,PL08,BN03,718.02
3,3,7707,PCH3,PCH3,693.63
32,33,7341,SV02,SV01,660.69
5,4,7212,PCH4,PCH5,649.08
11,30,6911,DX01,MT06,621.99
16,33,6863,SV02,BN03,617.67
11,3,6803,PCH3,MT06,612.27
21,5,6671,PCH5,PL03,600.39
20,5,6651,PCH5,PL02,598.59
33,34,6538,SV03,SV02,588.42
19,34,6508,SV03,PL01,585.72
7,23,6490,PL05,MT02,584.1
7,16,6337,BN03,MT02,570.33
5,32,6312,SV01,PCH5,568.08
22,6,6230,MT01,PL04,560.7
24,23,5989,PL05,PL06,539.01
19,26,5970,PL08,PL01,537.3
22,19,5917,PL01,PL04,532.53
17,5,5914,PCH5,BN04,532.26
17,33,5758,SV02,BN04,518.22
29,16,5621,BN03,PL11,505.89
20,19,5570,PL01,PL02,501.3
7,34,5458,SV03,MT02,491.22
33,3,5361,PCH3,SV02,482.49
16,22,5236,PL04,BN03,471.24
1,1,5176,PCH1,PCH1,465.84
21,16,5176,BN03,PL03,465.84
16,1,5148,PCH1,BN03,463.32
16,5,4982,PCH5,BN03,448.38
33,32,4954,SV01,SV02,445.86
19,24,4900,PL06,PL01,441
33,6,4806,MT01,SV02,432.54
34,33,4720,SV02,SV03,424.8
17,2,4689,PCH2,BN04,422.01
17,24,4683,PL06,BN04,421.47
3,33,4618,SV02,PCH3,415.62
5,34,4479,SV03,PCH5,403.11
21,19,4448,PL01,PL03,400.32
29,6,4346,MT01,PL11,391.14
32,19,4305,PL01,SV01,387.45
12,12,4267,MT07,MT07,384.03
7,21,4224,PL03,MT02,380.16
32,2,4205,PCH2,SV01,378.45
29,5,4198,PCH5,PL11,377.82
2,30,4168,DX01,PCH2,375.12
7,29,4120,PL11,MT02,370.8
16,2,4095,PCH2,BN03,368.55
34,6,4069,MT01,SV03,366.21
17,30,4016,DX01,BN04,361.44
29,7,3952,MT02,PL11,355.68
17,23,3929,PL05,BN04,353.61
5,20,3880,PL02,PCH5,349.2
16,21,3866,PL03,BN03,347.94
22,16,3780,BN03,PL04,340.2
3,2,3769,PCH2,PCH3,339.21
7,24,3696,PL06,MT02,332.64
16,20,3695,PL02,BN03,332.55
23,23,3692,PL05,PL05,332.28
11,11,3680,MT06,MT06,331.2
6,16,3642,BN03,MT01,327.78
11,4,3635,PCH4,MT06,327.15
29,33,3635,SV02,PL11,327.15
18,6,3583,MT01,BN05,322.47
11,21,3549,PL03,MT06,319.41
5,21,3502,PL03,PCH5,315.18
5,6,3475,MT01,PCH5,312.75
33,29,3411,PL11,SV02,306.99
20,16,3406,BN03,PL02,306.54
7,4,3354,PCH4,MT02,301.86
24,29,3345,PL11,PL06,301.05
1,6,3239,MT01,PCH1,291.51
19,25,3239,PL07,PL01,291.51
27,27,3210,PL09,PL09,288.9
1,16,3128,BN03,PCH1,281.52
27,28,3066,PL10,PL09,275.94
33,16,3033,BN03,SV02,272.97
20,20,3023,PL02,PL02,272.07
5,11,2925,MT06,PCH5,263.25
1,5,2910,PCH5,PCH1,261.9
19,21,2876,PL03,PL01,258.84
2,4,2872,PCH4,PCH2,258.48
5,29,2808,PL11,PCH5,252.72
30,19,2800,PL01,DX01,252
23,7,2758,MT02,PL05,248.22
18,18,2725,BN05,BN05,245.25
7,9,2724,MT04,MT02,245.16
27,29,2707,PL11,PL09,243.63
1,34,2702,SV03,PCH1,243.18
21,33,2677,SV02,PL03,240.93
2,6,2631,MT01,PCH2,236.79
12,6,2622,MT01,MT07,235.98
1,2,2619,PCH2,PCH1,235.71
6,5,2619,PCH5,MT01,235.71
22,22,2574,PL04,PL04,231.66
25,6,2572,MT01,PL07,231.48
30,7,2559,MT02,DX01,230.31
16,25,2535,PL07,BN03,228.15
7,25,2522,PL07,MT02,226.98
24,30,2513,DX01,PL06,226.17
33,30,2499,DX01,SV02,224.91
21,7,2497,MT02,PL03,224.73
19,1,2470,PCH1,PL01,222.3
19,12,2435,MT07,PL01,219.15
23,19,2412,PL01,PL05,217.08
1,29,2409,PL11,PCH1,216.81
27,19,2394,PL01,PL09,215.46
34,5,2394,PCH5,SV03,215.46
7,1,2304,PCH1,MT02,207.36
19,3,2288,PCH3,PL01,205.92
16,28,2262,PL10,BN03,203.58
26,6,2242,MT01,PL08,201.78
32,4,2241,PCH4,SV01,201.69
7,26,2209,PL08,MT02,198.81
20,7,2209,MT02,PL02,198.81
29,17,2170,BN04,PL11,195.3
17,9,2142,MT04,BN04,192.78
20,6,2134,MT01,PL02,192.06
5,30,2126,DX01,PCH5,191.34
32,34,2123,SV03,SV01,191.07
18,7,2118,MT02,BN05,190.62
21,6,2093,MT01,PL03,188.37
2,34,2068,SV03,PCH2,186.12
32,3,2067,PCH3,SV01,186.03
20,33,2019,SV02,PL02,181.71
21,29,2000,PL11,PL03,180
34,12,1956,MT07,SV03,176.04
24,26,1938,PL08,PL06,174.42
5,16,1933,BN03,PCH5,173.97
33,4,1920,PCH4,SV02,172.8
27,16,1887,BN03,PL09,169.83
17,34,1881,SV03,BN04,169.29
19,28,1839,PL10,PL01,165.51
19,17,1822,BN04,PL01,163.98
18,19,1809,PL01,BN05,162.81
21,21,1785,PL03,PL03,160.65
29,12,1756,MT07,PL11,158.04
6,19,1750,PL01,MT01,157.5
2,16,1746,BN03,PCH2,157.14
6,33,1744,SV02,MT01,156.96
16,9,1737,MT04,BN03,156.33
18,5,1732,PCH5,BN05,155.88
22,29,1730,PL11,PL04,155.7
34,29,1729,PL11,SV03,155.61
2,21,1713,PL03,PCH2,154.17
33,21,1709,PL03,SV02,153.81
22,5,1689,PCH5,PL04,152.01
24,12,1677,MT07,PL06,150.93
2,29,1663,PL11,PCH2,149.67
12,16,1661,BN03,MT07,149.49
17,1,1657,PCH1,BN04,149.13
23,6,1636,MT01,PL05,147.24
27,33,1623,SV02,PL09,146.07
19,20,1607,PL02,PL01,144.63
7,28,1604,PL10,MT02,144.36
28,28,1594,PL10,PL10,143.46
1,3,1568,PCH3,PCH1,141.12
1,33,1567,SV02,PCH1,141.03
22,33,1556,SV02,PL04,140.04
1,23,1553,PL05,PCH1,139.77
7,20,1537,PL02,MT02,138.33
19,27,1534,PL09,PL01,138.06
2,32,1531,SV01,PCH2,137.79
4,7,1516,MT02,PCH4,136.44
19,9,1514,MT04,PL01,136.26
17,26,1495,PL08,BN04,134.55
29,27,1471,PL09,PL11,132.39
33,20,1455,PL02,SV02,130.95
17,20,1421,PL02,BN04,127.89
11,34,1412,SV03,MT06,127.08
34,22,1385,PL04,SV03,124.65
11,29,1361,PL11,MT06,122.49
30,30,1355,DX01,DX01,121.95
9,19,1351,PL01,MT04,121.59
29,28,1341,PL10,PL11,120.69
22,34,1340,SV03,PL04,120.6
1,30,1333,DX01,PCH1,119.97
34,2,1314,PCH2,SV03,118.26
29,30,1295,DX01,PL11,116.55
17,21,1290,PL03,BN04,116.1
5,17,1278,BN04,PCH5,115.02
18,33,1277,SV02,BN05,114.93
20,29,1277,PL11,PL02,114.93
30,5,1262,PCH5,DX01,113.58
18,16,1240,BN03,BN05,111.6
2,17,1222,BN04,PCH2,109.98
29,23,1210,PL05,PL11,108.9
29,2,1201,PCH2,PL11,108.09
29,34,1188,SV03,PL11,106.92
23,30,1184,DX01,PL05,106.56
29,24,1173,PL06,PL11,105.57
20,23,1167,PL05,PL02,105.03
13,19,1130,PL01,MT08,101.7
3,16,1121,BN03,PCH3,100.89
28,29,1110,PL11,PL10,99.9
25,25,1106,PL07,PL07,99.54
20,2,1105,PCH2,PL02,99.45
33,26,1105,PL08,SV02,99.45
1,24,1102,PL06,PCH1,99.18
17,27,1101,PL09,BN04,99.09
16,4,1097,PCH4,BN03,98.73
7,22,1096,PL04,MT02,98.64
22,27,1086,PL09,PL04,97.74
3,6,1079,MT01,PCH3,97.11
6,12,1079,MT07,MT01,97.11
33,11,1074,MT06,SV02,96.66
7,17,1070,BN04,MT02,96.3
19,22,1067,PL04,PL01,96.03
5,1,1056,PCH1,PCH5,95.04
20,24,1052,PL06,PL02,94.68
11,6,1047,MT01,MT06,94.23
33,27,1042,PL09,SV02,93.78
6,7,1028,MT02,MT01,92.52
11,23,1028,PL05,MT06,92.52
29,26,1006,PL08,PL11,90.54
17,3,999,PCH3,BN04,89.91
19,4,997,PCH4,PL01,89.73
20,30,992,DX01,PL02,89.28
24,34,985,SV03,PL06,88.65
6,29,983,PL11,MT01,88.47
5,26,981,PL08,PCH5,88.29
2,25,976,PL07,PCH2,87.84
11,16,971,BN03,MT06,87.39
3,19,960,PL01,PCH3,86.4
33,17,959,BN04,SV02,86.31
21,28,956,PL10,PL03,86.04
26,12,955,MT07,PL08,85.95
17,28,938,PL10,BN04,84.42
25,16,938,BN03,PL07,84.42
20,34,937,SV03,PL02,84.33
5,22,932,PL04,PCH5,83.88
24,27,922,PL09,PL06,82.98
28,33,914,SV02,PL10,82.26
32,20,905,PL02,SV01,81.45
17,12,899,MT07,BN04,80.91
28,27,898,PL09,PL10,80.82
17,22,867,PL04,BN04,78.03
2,20,855,PL02,PCH2,76.95
21,12,849,MT07,PL03,76.41
32,16,846,BN03,SV01,76.14
33,9,844,MT04,SV02,75.96
18,29,843,PL11,BN05,75.87
3,32,840,SV01,PCH3,75.6
6,25,835,PL07,MT01,75.15
21,27,834,PL09,PL03,75.06
20,12,833,MT07,PL02,74.97
3,17,811,BN04,PCH3,72.99
28,16,805,BN03,PL10,72.45
11,20,788,PL02,MT06,70.92
21,24,785,PL06,PL03,70.65
25,12,782,MT07,PL07,70.38
26,26,779,PL08,PL08,70.11
27,5,777,PCH5,PL09,69.93
21,2,769,PCH2,PL03,69.21
32,17,759,BN04,SV01,68.31
33,1,759,PCH1,SV02,68.31
13,7,753,MT02,MT08,67.77
9,7,749,MT02,MT04,67.41
34,1,741,PCH1,SV03,66.69
24,33,722,SV02,PL06,64.98
21,17,713,BN04,PL03,64.17
17,4,711,PCH4,BN04,63.99
5,9,709,MT04,PCH5,63.81
16,32,705,SV01,BN03,63.45
24,17,702,BN04,PL06,63.18
5,25,694,PL07,PCH5,62.46
29,20,690,PL02,PL11,62.1
6,34,689,SV03,MT01,62.01
33,28,686,PL10,SV02,61.74
22,17,684,BN04,PL04,61.56
4,5,681,PCH5,PCH4,61.29
16,18,661,BN05,BN03,59.49
33,25,661,PL07,SV02,59.49
30,2,652,PCH2,DX01,58.68
12,19,645,PL01,MT07,58.05
3,29,639,PL11,PCH3,57.51
16,11,634,MT06,BN03,57.06
3,7,632,MT02,PCH3,56.88
33,22,629,PL04,SV02,56.61
5,27,626,PL09,PCH5,56.34
23,5,612,PCH5,PL05,55.08
2,9,609,MT04,PCH2,54.81
2,11,603,MT06,PCH2,54.27
33,23,601,PL05,SV02,54.09
8,6,597,MT01,MT03,53.73
8,7,594,MT02,MT03,53.46
8,5,593,PCH5,MT03,53.37
1,26,591,PL08,PCH1,53.19
32,29,584,PL11,SV01,52.56
23,29,581,PL11,PL05,52.29
4,19,579,PL01,PCH4,52.11
24,5,579,PCH5,PL06,52.11
26,19,577,PL01,PL08,51.93
22,23,575,PL05,PL04,51.75
8,19,573,PL01,MT03,51.57
20,26,569,PL08,PL02,51.21
28,5,565,PCH5,PL10,50.85
16,13,563,MT08,BN03,50.67
11,17,558,BN04,MT06,50.22
7,11,556,MT06,MT02,50.04
34,17,556,BN04,SV03,50.04
9,9,548,MT04,MT04,49.32
22,26,544,PL08,PL04,48.96
3,4,543,PCH4,PCH3,48.87
11,9,543,MT04,MT06,48.87
2,26,538,PL08,PCH2,48.42
25,5,536,PCH5,PL07,48.24
11,28,531,PL10,MT06,47.79
23,27,531,PL09,PL05,47.79
5,23,529,PL05,PCH5,47.61
2,1,526,PCH1,PCH2,47.34
34,32,520,SV01,SV03,46.8
34,26,513,PL08,SV03,46.17
22,21,512,PL03,PL04,46.08
2,23,510,PL05,PCH2,45.9
16,3,508,PCH3,BN03,45.72
17,25,499,PL07,BN04,44.91
24,2,497,PCH2,PL06,44.73
1,4,496,PCH4,PCH1,44.64
11,32,495,SV01,MT06,44.55
20,17,491,BN04,PL02,44.19
6,17,487,BN04,MT01,43.83
11,26,486,PL08,MT06,43.74
21,20,477,PL02,PL03,42.93
21,30,475,DX01,PL03,42.75
8,33,473,SV02,MT03,42.57
13,30,461,DX01,MT08,41.49
2,28,459,PL10,PCH2,41.31
24,25,459,PL07,PL06,41.31
22,20,456,PL02,PL04,41.04
23,16,455,BN03,PL05,40.95
30,6,455,MT01,DX01,40.95
21,23,452,PL05,PL03,40.68
24,1,450,PCH1,PL06,40.5
7,12,446,MT07,MT02,40.14
20,21,446,PL03,PL02,40.14
34,24,432,PL06,SV03,38.88
20,28,430,PL10,PL02,38.7
12,29,424,PL11,MT07,38.16
20,27,423,PL09,PL02,38.07
19,11,419,MT06,PL01,37.71
28,19,417,PL01,PL10,37.53
17,18,416,BN05,BN04,37.44
8,2,415,PCH2,MT03,37.35
6,2,411,PCH2,MT01,36.99
12,7,399,MT02,MT07,35.91
30,3,394,PCH3,DX01,35.46
26,29,392,PL11,PL08,35.28
18,17,389,BN04,BN05,35.01
21,26,385,PL08,PL03,34.65
20,3,384,PCH3,PL02,34.56
3,20,382,PL02,PCH3,34.38
33,24,382,PL06,SV02,34.38
25,29,381,PL11,PL07,34.29
1,28,380,PL10,PCH1,34.2
4,4,378,PCH4,PCH4,34.02
29,9,378,MT04,PL11,34.02
22,30,377,DX01,PL04,33.93
21,34,374,SV03,PL03,33.66
5,28,373,PL10,PCH5,33.57
14,19,373,PL01,BN01,33.57
22,12,373,MT07,PL04,33.57
21,22,371,PL04,PL03,33.39
24,4,370,PCH4,PL06,33.3
22,24,369,PL06,PL04,33.21
32,7,369,MT02,SV01,33.21
19,32,368,SV01,PL01,33.12
1,21,364,PL03,PCH1,32.76
34,20,364,PL02,SV03,32.76
2,24,361,PL06,PCH2,32.49
27,21,357,PL03,PL09,32.13
29,21,356,PL03,PL11,32.04
33,18,356,BN05,SV02,32.04
32,6,354,MT01,SV01,31.86
34,23,350,PL05,SV03,31.5
34,25,349,PL07,SV03,31.41
17,11,344,MT06,BN04,30.96
12,34,341,SV03,MT07,30.69
22,28,341,PL10,PL04,30.69
22,3,337,PCH3,PL04,30.33
24,9,337,MT04,PL06,30.33
25,17,330,BN04,PL07,29.7
26,33,327,SV02,PL08,29.43
18,2,325,PCH2,BN05,29.25
30,33,321,SV02,DX01,28.89
25,19,319,PL01,PL07,28.71
5,24,317,PL06,PCH5,28.53
24,20,314,PL02,PL06,28.26
26,16,314,BN03,PL08,28.26
16,8,313,MT03,BN03,28.17
18,25,312,PL07,BN05,28.08
24,28,307,PL10,PL06,27.63
24,21,301,PL03,PL06,27.09
32,11,301,MT06,SV01,27.09
8,16,300,BN03,MT03,27
20,22,298,PL04,PL02,26.82
29,11,297,MT06,PL11,26.73
3,25,293,PL07,PCH3,26.37
23,2,293,PCH2,PL05,26.37
27,17,292,BN04,PL09,26.28
6,24,291,PL06,MT01,26.19
18,23,289,PL05,BN05,26.01
11,1,286,PCH1,MT06,25.74
12,26,286,PL08,MT07,25.74
28,22,284,PL04,PL10,25.56
6,3,283,PCH3,MT01,25.47
13,16,283,BN03,MT08,25.47
26,34,283,SV03,PL08,25.47
27,23,283,PL05,PL09,25.47
7,18,277,BN05,MT02,24.93
27,2,277,PCH2,PL09,24.93
9,5,276,PCH5,MT04,24.84
29,32,275,SV01,PL11,24.75
7,27,271,PL09,MT02,24.39
27,6,271,MT01,PL09,24.39
27,20,269,PL02,PL09,24.21
22,25,268,PL07,PL04,24.12
6,27,267,PL09,MT01,24.03
17,32,265,SV01,BN04,23.85
27,7,264,MT02,PL09,23.76
29,25,264,PL07,PL11,23.76
26,5,261,PCH5,PL08,23.49
23,26,257,PL08,PL05,23.13
22,2,254,PCH2,PL04,22.86
4,30,252,DX01,PCH4,22.68
1,22,251,PL04,PCH1,22.59
8,8,251,MT03,MT03,22.59
8,29,244,PL11,MT03,21.96
22,1,242,PCH1,PL04,21.78
20,25,240,PL07,PL02,21.6
24,22,239,PL04,PL06,21.51
3,30,236,DX01,PCH3,21.24
4,33,233,SV02,PCH4,20.97
21,4,233,PCH4,PL03,20.97
1,25,232,PL07,PCH1,20.88
2,27,232,PL09,PCH2,20.88
3,22,228,PL04,PCH3,20.52
1,9,225,MT04,PCH1,20.25
12,17,225,BN04,MT07,20.25
25,34,223,SV03,PL07,20.07
3,26,222,PL08,PCH3,19.98
13,23,222,PL05,MT08,19.98
26,7,220,MT02,PL08,19.8
25,33,219,SV02,PL07,19.71
25,7,215,MT02,PL07,19.35
1,17,213,BN04,PCH1,19.17
21,3,213,PCH3,PL03,19.17
27,24,211,PL06,PL09,18.99
32,18,211,BN05,SV01,18.99
3,27,210,PL09,PCH3,18.9
3,18,209,BN05,PCH3,18.81
11,24,208,PL06,MT06,18.72
27,26,207,PL08,PL09,18.63
32,22,205,PL04,SV01,18.45
13,6,204,MT01,MT08,18.36
28,17,203,BN04,PL10,18.27
12,5,201,PCH5,MT07,18.09
29,1,201,PCH1,PL11,18.09
23,33,195,SV02,PL05,17.55
28,23,194,PL05,PL10,17.46
4,6,193,MT01,PCH4,17.37
5,18,193,BN05,PCH5,17.37
23,21,193,PL03,PL05,17.37
6,26,191,PL08,MT01,17.19
26,30,191,DX01,PL08,17.19
11,27,187,PL09,MT06,16.83
6,23,186,PL05,MT01,16.74
18,30,186,DX01,BN05,16.74
29,22,185,PL04,PL11,16.65
19,13,182,MT08,PL01,16.38
17,8,177,MT03,BN04,15.93
4,16,173,BN03,PCH4,15.57
25,27,173,PL09,PL07,15.57
2,12,171,MT07,PCH2,15.39
6,30,171,DX01,MT01,15.39
20,1,171,PCH1,PL02,15.39
21,25,171,PL07,PL03,15.39
9,21,170,PL03,MT04,15.3
21,11,170,MT06,PL03,15.3
28,20,170,PL02,PL10,15.3
3,11,169,MT06,PCH3,15.21
27,30,167,DX01,PL09,15.03
14,7,163,MT02,BN01,14.67
11,22,160,PL04,MT06,14.4
11,25,158,PL07,MT06,14.22
28,21,158,PL03,PL10,14.22
23,24,157,PL06,PL05,14.13
9,33,156,SV02,MT04,14.04
27,22,155,PL04,PL09,13.95
20,11,154,MT06,PL02,13.86
30,26,148,PL08,DX01,13.32
2,22,146,PL04,PCH2,13.14
24,3,145,PCH3,PL06,13.05
3,34,144,SV03,PCH3,12.96
29,3,141,PCH3,PL11,12.69
9,29,140,PL11,MT04,12.6
28,24,138,PL06,PL10,12.42
3,1,136,PCH1,PCH3,12.24
12,23,136,PL05,MT07,12.24
3,9,134,MT04,PCH3,12.06
7,32,133,SV01,MT02,11.97
19,18,133,BN05,PL01,11.97
21,1,133,PCH1,PL03,11.97
1,27,131,PL09,PCH1,11.79
6,20,131,PL02,MT01,11.79
4,1,130,PCH1,PCH4,11.7
8,17,130,BN04,MT03,11.7
4,3,129,PCH3,PCH4,11.61
8,30,129,DX01,MT03,11.61
34,27,129,PL09,SV03,11.61
30,16,128,BN03,DX01,11.52
34,3,128,PCH3,SV03,11.52
3,8,126,MT03,PCH3,11.34
21,32,126,SV01,PL03,11.34
12,24,125,PL06,MT07,11.25
9,2,124,PCH2,MT04,11.16
33,8,124,MT03,SV02,11.16
30,29,122,PL11,DX01,10.98
30,21,121,PL03,DX01,10.89
12,30,120,DX01,MT07,10.8
5,8,118,MT03,PCH5,10.62
13,13,118,MT08,MT08,10.62
23,34,117,SV03,PL05,10.53
25,26,117,PL08,PL07,10.53
4,23,116,PL05,PCH4,10.44
1,20,115,PL02,PCH1,10.35
18,27,114,PL09,BN05,10.26
31,5,114,PCH5,DX02,10.26
30,34,113,SV03,DX01,10.17
32,27,113,PL09,SV01,10.17
26,27,111,PL09,PL08,9.99
4,2,110,PCH2,PCH4,9.9
18,22,109,PL04,BN05,9.81
20,32,108,SV01,PL02,9.72
6,1,105,PCH1,MT01,9.45
13,20,105,PL02,MT08,9.45
34,30,105,DX01,SV03,9.45
6,11,102,MT06,MT01,9.18
34,21,102,PL03,SV03,9.18
8,25,100,PL07,MT03,9
18,4,100,PCH4,BN05,9
20,9,99,MT04,PL02,8.91
8,4,97,PCH4,MT03,8.73
30,23,97,PL05,DX01,8.73
3,21,95,PL03,PCH3,8.55
8,3,93,PCH3,MT03,8.37
25,24,93,PL06,PL07,8.37
32,21,93,PL03,SV01,8.37
21,9,92,MT04,PL03,8.28
6,18,91,BN05,MT01,8.19
32,24,91,PL06,SV01,8.19
3,12,90,MT07,PCH3,8.1
17,13,90,MT08,BN04,8.1
23,20,90,PL02,PL05,8.1
18,32,89,SV01,BN05,8.01
6,21,87,PL03,MT01,7.83
14,16,87,BN03,BN01,7.83
27,34,86,SV03,PL09,7.74
2,18,85,BN05,PCH2,7.65
12,2,85,PCH2,MT07,7.65
26,2,85,PCH2,PL08,7.65
18,20,84,PL02,BN05,7.56
22,11,84,MT06,PL04,7.56
26,23,84,PL05,PL08,7.56
26,28,83,PL10,PL08,7.47
20,4,81,PCH4,PL02,7.29
26,24,81,PL06,PL08,7.29
29,18,81,BN05,PL11,7.29
14,5,78,PCH5,BN01,7.02
22,4,78,PCH4,PL04,7.02
23,3,78,PCH3,PL05,7.02
24,11,78,MT06,PL06,7.02
28,6,78,MT01,PL10,7.02
34,28,77,PL10,SV03,6.93
3,23,76,PL05,PCH3,6.84
17,14,76,BN01,BN04,6.84
28,7,76,MT02,PL10,6.84
12,33,75,SV02,MT07,6.75
18,3,75,PCH3,BN05,6.75
23,17,75,BN04,PL05,6.75
1,18,74,BN05,PCH1,6.66
25,30,74,DX01,PL07,6.66
28,34,74,SV03,PL10,6.66
29,8,74,MT03,PL11,6.66
18,26,73,PL08,BN05,6.57
22,18,73,BN05,PL04,6.57
9,16,72,BN03,MT04,6.48
23,28,71,PL10,PL05,6.39
6,22,69,PL04,MT01,6.21
23,25,69,PL07,PL05,6.21
27,25,69,PL07,PL09,6.21
32,30,69,DX01,SV01,6.21
34,11,69,MT06,SV03,6.21
16,14,68,BN01,BN03,6.12
7,13,67,MT08,MT02,6.03
12,27,66,PL09,MT07,5.94
18,34,66,SV03,BN05,5.94
18,24,65,PL06,BN05,5.85
1,11,64,MT06,PCH1,5.76
3,24,64,PL06,PCH3,5.76
9,30,64,DX01,MT04,5.76
12,25,64,PL07,MT07,5.76
18,21,64,PL03,BN05,5.76
25,2,63,PCH2,PL07,5.67
30,28,63,PL10,DX01,5.67
33,12,62,MT07,SV02,5.58
5,12,61,MT07,PCH5,5.49
11,12,61,MT07,MT06,5.49
28,26,61,PL08,PL10,5.49
6,32,60,SV01,MT01,5.4
18,28,60,PL10,BN05,5.4
21,18,60,BN05,PL03,5.4
23,12,59,MT07,PL05,5.31
28,2,59,PCH2,PL10,5.31
8,27,58,PL09,MT03,5.22
2,8,57,MT03,PCH2,5.13
8,9,57,MT04,MT03,5.13
27,1,57,PCH1,PL09,5.13
12,22,56,PL04,MT07,5.04
18,1,56,PCH1,BN05,5.04
27,12,56,MT07,PL09,5.04
28,30,56,DX01,PL10,5.04
30,9,56,MT04,DX01,5.04
4,29,55,PL11,PCH4,4.95
25,21,55,PL03,PL07,4.95
29,4,55,PCH4,PL11,4.95
13,29,54,PL11,MT08,4.86
4,24,53,PL06,PCH4,4.77
14,33,53,SV02,BN01,4.77
28,32,53,SV01,PL10,4.77
32,23,53,PL05,SV01,4.77
13,5,52,PCH5,MT08,4.68
13,26,52,PL08,MT08,4.68
26,17,52,BN04,PL08,4.68
34,4,52,PCH4,SV03,4.68
22,32,51,SV01,PL04,4.59
32,8,51,MT03,SV01,4.59
12,21,50,PL03,MT07,4.5
23,9,50,MT04,PL05,4.5
30,24,49,PL06,DX01,4.41
32,28,49,PL10,SV01,4.41
25,23,47,PL05,PL07,4.23
30,1,47,PCH1,DX01,4.23
6,8,46,MT03,MT01,4.14
8,24,46,PL06,MT03,4.14
12,11,46,MT06,MT07,4.14
14,21,46,PL03,BN01,4.14
4,26,45,PL08,PCH4,4.05
25,3,45,PCH3,PL07,4.05
28,11,45,MT06,PL10,4.05
4,25,44,PL07,PCH4,3.96
14,29,44,PL11,BN01,3.96
22,9,44,MT04,PL04,3.96
7,8,43,MT03,MT02,3.87
33,13,43,MT08,SV02,3.87
8,26,42,PL08,MT03,3.78
8,20,41,PL02,MT03,3.69
8,32,41,SV01,MT03,3.69
27,11,41,MT06,PL09,3.69
30,25,41,PL07,DX01,3.69
8,22,40,PL04,MT03,3.6
4,21,38,PL03,PCH4,3.42
26,25,38,PL07,PL08,3.42
28,25,38,PL07,PL10,3.42
32,1,38,PCH1,SV01,3.42
5,14,37,BN01,PCH5,3.33
21,8,37,MT03,PL03,3.33
24,32,37,SV01,PL06,3.33
25,22,37,PL04,PL07,3.33
30,12,37,MT07,DX01,3.33
9,3,36,PCH3,MT04,3.24
23,22,36,PL04,PL05,3.24
25,8,36,MT03,PL07,3.24
26,21,36,PL03,PL08,3.24
6,4,35,PCH4,MT01,3.15
30,17,35,BN04,DX01,3.15
13,25,34,PL07,MT08,3.06
27,9,34,MT04,PL09,3.06
29,13,34,MT08,PL11,3.06
25,4,33,PCH4,PL07,2.97
26,20,33,PL02,PL08,2.97
31,33,33,SV02,DX02,2.97
23,4,32,PCH4,PL05,2.88
23,11,32,MT06,PL05,2.88
27,3,32,PCH3,PL09,2.88
29,14,32,BN01,PL11,2.88
30,4,32,PCH4,DX01,2.88
30,27,32,PL09,DX01,2.88
1,12,31,MT07,PCH1,2.79
6,28,31,PL10,MT01,2.79
8,12,31,MT07,MT03,2.79
8,23,31,PL05,MT03,2.79
12,20,31,PL02,MT07,2.79
19,8,31,MT03,PL01,2.79
26,22,31,PL04,PL08,2.79
6,9,30,MT04,MT01,2.7
30,20,30,PL02,DX01,2.7
32,26,30,PL08,SV01,2.7
14,9,29,MT04,BN01,2.61
19,14,29,BN01,PL01,2.61
9,6,27,MT01,MT04,2.43
20,18,27,BN05,PL02,2.43
25,18,27,BN05,PL07,2.43
9,23,26,PL05,MT04,2.34
13,33,26,SV02,MT08,2.34
14,17,26,BN04,BN01,2.34
2,14,25,BN01,PCH2,2.25
3,28,25,PL10,PCH3,2.25
5,13,25,MT08,PCH5,2.25
13,2,25,PCH2,MT08,2.25
18,11,25,MT06,BN05,2.25
8,21,24,PL03,MT03,2.16
25,20,24,PL02,PL07,2.16
26,11,24,MT06,PL08,2.16
2,13,23,MT08,PCH2,2.07
4,17,23,BN04,PCH4,2.07
14,14,23,BN01,BN01,2.07
23,1,23,PCH1,PL05,2.07
25,9,23,MT04,PL07,2.07
25,28,23,PL10,PL07,2.07
27,18,23,BN05,PL09,2.07
28,1,23,PCH1,PL10,2.07
4,34,22,SV03,PCH4,1.98
9,11,22,MT06,MT04,1.98
21,13,22,MT08,PL03,1.98
22,13,22,MT08,PL04,1.98
27,4,22,PCH4,PL09,1.98
32,13,22,MT08,SV01,1.98
4,22,21,PL04,PCH4,1.89
11,18,21,BN05,MT06,1.89
14,28,21,PL10,BN01,1.89
32,9,21,MT04,SV01,1.89
9,17,20,BN04,MT04,1.8
13,21,20,PL03,MT08,1.8
14,2,20,PCH2,BN01,1.8
26,3,20,PCH3,PL08,1.8
34,9,20,MT04,SV03,1.8
4,20,19,PL02,PCH4,1.71
7,14,19,BN01,MT02,1.71
25,1,19,PCH1,PL07,1.71
6,14,18,BN01,MT01,1.62
8,1,18,PCH1,MT03,1.62
18,9,18,MT04,BN05,1.62
24,13,18,MT08,PL06,1.62
26,1,18,PCH1,PL08,1.62
31,19,18,PL01,DX02,1.62
34,13,18,MT08,SV03,1.62
1,8,17,MT03,PCH1,1.53
3,14,17,BN01,PCH3,1.53
11,8,17,MT03,MT06,1.53
28,9,17,MT04,PL10,1.53
28,12,17,MT07,PL10,1.53
33,14,17,BN01,SV02,1.53
4,27,16,PL09,PCH4,1.44
9,28,16,PL10,MT04,1.44
9,34,16,SV03,MT04,1.44
18,8,16,MT03,BN05,1.44
4,8,15,MT03,PCH4,1.35
12,4,15,PCH4,MT07,1.35
27,32,15,SV01,PL09,1.35
28,18,15,BN05,PL10,1.35
30,11,15,MT06,DX01,1.35
32,25,15,PL07,SV01,1.35
8,11,14,MT06,MT03,1.26
9,26,14,PL08,MT04,1.26
14,23,14,PL05,BN01,1.26
22,8,14,MT03,PL04,1.26
4,28,13,PL10,PCH4,1.17
5,31,13,DX02,PCH5,1.17
9,27,13,PL09,MT04,1.17
12,9,13,MT04,MT07,1.17
14,34,13,SV03,BN01,1.17
22,14,13,BN01,PL04,1.17
31,2,13,PCH2,DX02,1.17
34,18,13,BN05,SV03,1.17
8,13,12,MT08,MT03,1.08
12,13,12,MT08,MT07,1.08
12,28,12,PL10,MT07,1.08
23,32,12,SV01,PL05,1.08
27,14,12,BN01,PL09,1.08
4,18,11,BN05,PCH4,0.99
4,32,11,SV01,PCH4,0.99
8,34,11,SV03,MT03,0.99
9,24,11,PL06,MT04,0.99
12,3,11,PCH3,MT07,0.99
14,6,11,MT01,BN01,0.99
4,9,10,MT04,PCH4,0.9
9,1,10,PCH1,MT04,0.9
11,14,10,BN01,MT06,0.9
23,13,10,MT08,PL05,0.9
24,18,10,BN05,PL06,0.9
25,32,10,SV01,PL07,0.9
28,14,10,BN01,PL10,0.9
1,13,9,MT08,PCH1,0.81
9,20,9,PL02,MT04,0.81
9,22,9,PL04,MT04,0.81
11,13,9,MT08,MT06,0.81
14,30,9,DX01,BN01,0.81
27,8,9,MT03,PL09,0.81
27,13,9,MT08,PL09,0.81
28,3,9,PCH3,PL10,0.81
28,8,9,MT03,PL10,0.81
31,20,9,PL02,DX02,0.81
13,4,8,PCH4,MT08,0.72
13,24,8,PL06,MT08,0.72
18,12,8,MT07,BN05,0.72
3,13,7,MT08,PCH3,0.63
9,4,7,PCH4,MT04,0.63
9,25,7,PL07,MT04,0.63
13,9,7,MT04,MT08,0.63
13,27,7,PL09,MT08,0.63
20,8,7,MT03,PL02,0.63
20,13,7,MT08,PL02,0.63
21,14,7,BN01,PL03,0.63
25,11,7,MT06,PL07,0.63
26,8,7,MT03,PL08,0.63
26,9,7,MT04,PL08,0.63
8,18,6,BN05,MT03,0.54
11,31,6,DX02,MT06,0.54
13,12,6,MT07,MT08,0.54
13,28,6,PL10,MT08,0.54
14,20,6,PL02,BN01,0.54
14,27,6,PL09,BN01,0.54
30,22,6,PL04,DX01,0.54
1,14,5,BN01,PCH1,0.45
4,11,5,MT06,PCH4,0.45
4,12,5,MT07,PCH4,0.45
8,14,5,BN01,MT03,0.45
12,8,5,MT03,MT07,0.45
13,17,5,BN04,MT08,0.45
18,13,5,MT08,BN05,0.45
31,6,5,MT01,DX02,0.45
31,26,5,PL08,DX02,0.45
1,32,4,SV01,PCH1,0.36
8,28,4,PL10,MT03,0.36
12,1,4,PCH1,MT07,0.36
12,32,4,SV01,MT07,0.36
13,34,4,SV03,MT08,0.36
14,3,4,PCH3,BN01,0.36
14,12,4,MT07,BN01,0.36
18,14,4,BN01,BN05,0.36
24,8,4,MT03,PL06,0.36
30,8,4,MT03,DX01,0.36
30,13,4,MT08,DX01,0.36
30,32,4,SV01,DX01,0.36
31,3,4,PCH3,DX02,0.36
31,7,4,MT02,DX02,0.36
31,28,4,PL10,DX02,0.36
34,14,4,BN01,SV03,0.36
6,31,3,DX02,MT01,0.27
9,18,3,BN05,MT04,0.27
13,22,3,PL04,MT08,0.27
13,32,3,SV01,MT08,0.27
14,11,3,MT06,BN01,0.27
14,24,3,PL06,BN01,0.27
20,14,3,BN01,PL02,0.27
20,31,3,DX02,PL02,0.27
26,4,3,PCH4,PL08,0.27
30,14,3,BN01,DX01,0.27
30,18,3,BN05,DX01,0.27
31,12,3,MT07,DX02,0.27
31,34,3,SV03,DX02,0.27
33,31,3,DX02,SV02,0.27
34,8,3,MT03,SV03,0.27
6,13,2,MT08,MT01,0.18
12,14,2,BN01,MT07,0.18
12,18,2,BN05,MT07,0.18
14,1,2,PCH1,BN01,0.18
14,18,2,BN05,BN01,0.18
14,22,2,PL04,BN01,0.18
14,32,2,SV01,BN01,0.18
26,13,2,MT08,PL08,0.18
26,18,2,BN05,PL08,0.18
26,32,2,SV01,PL08,0.18
28,4,2,PCH4,PL10,0.18
28,13,2,MT08,PL10,0.18
28,31,2,DX02,PL10,0.18
31,11,2,MT06,DX02,0.18
31,21,2,PL03,DX02,0.18
31,22,2,PL04,DX02,0.18
31,24,2,PL06,DX02,0.18
2,31,1,DX02,PCH2,0.09
3,31,1,DX02,PCH3,0.09
9,12,1,MT07,MT04,0.09
9,13,1,MT08,MT04,0.09
9,14,1,BN01,MT04,0.09
9,32,1,SV01,MT04,0.09
13,1,1,PCH1,MT08,0.09
13,8,1,MT03,MT08,0.09
13,11,1,MT06,MT08,0.09
14,4,1,PCH4,BN01,0.09
14,25,1,PL07,BN01,0.09
14,26,1,PL08,BN01,0.09
16,31,1,DX02,BN03,0.09
19,31,1,DX02,PL01,0.09
22,31,1,DX02,PL04,0.09
23,8,1,MT03,PL05,0.09
23,14,1,BN01,PL05,0.09
23,18,1,BN05,PL05,0.09
24,14,1,BN01,PL06,0.09
25,14,1,BN01,PL07,0.09
26,14,1,BN01,PL08,0.09
31,16,1,BN03,DX02,0.09
31,17,1,BN04,DX02,0.09
31,23,1,PL05,DX02,0.09
31,25,1,PL07,DX02,0.09
31,27,1,PL09,DX02,0.09
31,30,1,DX01,DX02,0.09
31,32,1,SV01,DX02,0.09
32,12,1,MT07,SV01,0.09
32,31,1,DX02,SV01,0.09
1,31,0,DX02,PCH1,0
4,13,0,MT08,PCH4,0
4,14,0,BN01,PCH4,0
4,31,0,DX02,PCH4,0
7,31,0,DX02,MT02,0
8,31,0,DX02,MT03,0
9,8,0,MT03,MT04,0
9,31,0,DX02,MT04,0
12,31,0,DX02,MT07,0
13,3,0,PCH3,MT08,0
13,14,0,BN01,MT08,0
13,18,0,BN05,MT08,0
13,31,0,DX02,MT08,0
14,8,0,MT03,BN01,0
14,13,0,MT08,BN01,0
14,31,0,DX02,BN01,0
17,31,0,DX02,BN04,0
18,31,0,DX02,BN05,0
21,31,0,DX02,PL03,0
23,31,0,DX02,PL05,0
24,31,0,DX02,PL06,0
25,13,0,MT08,PL07,0
25,31,0,DX02,PL07,0
26,31,0,DX02,PL08,0
27,31,0,DX02,PL09,0
29,31,0,DX02,PL11,0
30,31,0,DX02,DX01,0
31,1,0,PCH1,DX02,0
31,4,0,PCH4,DX02,0
31,8,0,MT03,DX02,0
31,9,0,MT04,DX02,0
31,13,0,MT08,DX02,0
31,14,0,BN01,DX02,0
31,18,0,BN05,DX02,0
31,29,0,PL11,DX02,0
31,31,0,DX02,DX02,0
32,14,0,BN01,SV01,0
34,31,0,DX02,SV03,0
